AP_PAYMENT_REF,AP_CONTRACT_REF,AP_PAYMENT_DATETIME,AP_AMOUNT_PAID,AP_PAYMENT_CHANNEL,AP_TRANSACTION_STATUS
3e2e29f8-d43b-4266-b414-dfa1e16daca3,AP-000001,2024-10-17 05:16:36,154.8,DIRECT_DEBIT,PENDING
498c64de-5105-44d9-b5d8-eab5108a4464,AP-000002,2025-10-01 05:19:37,230.45,CARD,FAILED
5b0c16eb-3c7b-4f99-83df-c7790cceb5b5,AP-000002,2024-04-12 03:58:16,230.45,CARD,PENDING
eb4b5aa2-1dcc-402d-8717-5de70ff30491,AP-000002,2024-11-05 11:23:39,230.45,BANK_TRANSFER,FAILED
1d0cdd94-df84-4a2a-8464-beb72d01654e,AP-000003,2026-08-21 04:14:02,80.05,BANK_TRANSFER,FAILED
958d790c-669d-4083-ba56-44d9674b09c0,AP-000003,2026-08-22 07:20:50,80.05,DIRECT_DEBIT,PENDING
ec3dbfab-d421-447e-a187-41376e183512,AP-000003,2026-08-18 04:22:51,80.05,DIRECT_DEBIT,PENDING
2166f530-d241-4a43-9c36-46e3cf392e5c,AP-000003,2026-07-29 07:46:27,80.05,BANK_TRANSFER,FAILED
23dfbbe2-d7c4-4399-b357-bfb189ee7c5a,AP-000003,2026-07-25 06:06:52,80.05,BANK_TRANSFER,SUCCESS
7536deaf-8e8f-4f24-b474-71ab76da4198,AP-000004,2025-06-19 11:23:27,176.77,BANK_TRANSFER,FAILED
a2dd6874-d84c-4fc3-85af-c2d91ea7fc8a,AP-000004,2025-09-16 07:10:13,176.77,DIRECT_DEBIT,SUCCESS
a3e4fb47-7a4c-4114-8f22-b8367a296154,AP-000004,2025-09-19 07:46:21,176.77,DIRECT_DEBIT,PENDING
46fec8da-a5a9-4079-bdfc-ed08069abbf5,AP-000004,2026-06-16 22:14:38,176.77,CARD,PENDING
4542a245-7faf-4f0a-9fee-918c1f3015be,AP-000005,2026-03-14 23:24:03,111.75,BANK_TRANSFER,PENDING
2337fd36-a1b7-4cd2-832a-3174b123769a,AP-000005,2026-06-19 09:01:04,111.75,BANK_TRANSFER,SUCCESS
019ddf6c-dad6-4141-a08f-bfdb44523b78,AP-000006,2026-07-19 12:10:12,237.84,DIRECT_DEBIT,SUCCESS
d53d57ef-0d4c-4947-b795-6a70488068ac,AP-000006,2026-01-13 12:54:57,237.84,BANK_TRANSFER,SUCCESS
0c458137-0b7b-4d3a-b998-3d3c6d997cb0,AP-000007,2026-04-11 01:54:56,66.64,CARD,SUCCESS
c15523e4-2c54-4de1-bae4-a49a85250dde,AP-000008,2024-06-14 08:16:32,21.52,BANK_TRANSFER,FAILED
99536904-6612-4348-b3df-5376a9697010,AP-000008,2023-12-02 19:25:37,21.52,BANK_TRANSFER,PENDING
e64aac9c-87b3-43b1-96f5-3b8fe55d4bc8,AP-000008,2024-12-11 02:33:38,21.52,CARD,FAILED
95ad5fc6-6e8b-436f-aded-9f3eab3466d7,AP-000009,2025-12-13 12:05:05,111.51,BANK_TRANSFER,FAILED
6a398b38-8713-4a56-b2a4-7f0f97bd1236,AP-000009,2026-03-07 18:12:11,111.51,CARD,FAILED
c5882f4f-3578-4068-81ed-91a39b70cfdd,AP-000009,2025-01-21 09:10:50,111.51,BANK_TRANSFER,PENDING
439550cc-4790-4d88-b92a-f8953cd66b3f,AP-000009,2025-10-16 00:55:02,111.51,DIRECT_DEBIT,SUCCESS
6148ef18-a963-4902-8648-02a121581d64,AP-000010,2025-04-19 16:32:50,244.6,DIRECT_DEBIT,SUCCESS
12633007-c4e1-402a-8d64-4041925e38b5,AP-000011,2024-10-01 21:29:29,43.17,DIRECT_DEBIT,PENDING
c02cc831-0c2b-404f-ad7b-4a3428d28029,AP-000011,2024-04-07 06:54:01,43.17,CARD,PENDING
5859e140-b911-46aa-a8dd-6e73a476ca2b,AP-000012,2025-03-12 11:17:05,240.46,BANK_TRANSFER,PENDING
3b44aced-b9e0-4c72-af84-46a87c17d1eb,AP-000012,2025-04-22 13:07:31,240.46,CARD,FAILED
afe7409c-4887-455e-90af-f0a0180e1f19,AP-000012,2026-06-01 19:16:18,240.46,CARD,FAILED
86c80a7e-d482-48c8-bcdc-9be79a611a3d,AP-000012,2024-01-08 02:26:38,240.46,DIRECT_DEBIT,SUCCESS
295eae1d-683e-4436-adeb-0a18f5131af6,AP-000013,2026-03-02 16:30:22,185.79,CARD,SUCCESS
687ec9f7-7625-4c32-bdc7-b36ecda7631e,AP-000013,2026-05-10 06:09:28,185.79,DIRECT_DEBIT,SUCCESS
0fb5628d-dc8e-4beb-961c-20f00d6e3be4,AP-000013,2026-08-10 15:55:22,185.79,BANK_TRANSFER,SUCCESS
d439d6d7-9a36-4fa7-ac21-08f6fe6f9172,AP-000013,2026-08-24 04:23:35,185.79,CARD,PENDING
2603a696-0302-4518-9f54-44792b18e6d6,AP-000014,2026-03-20 02:08:47,248.98,DIRECT_DEBIT,SUCCESS
f4e772c1-c3e1-424b-8732-5615922701ad,AP-000014,2026-01-10 07:19:29,248.98,BANK_TRANSFER,SUCCESS
812b70f7-6e19-41c2-9247-919f8c237fe3,AP-000014,2026-03-23 16:59:34,248.98,DIRECT_DEBIT,SUCCESS
ca56d844-e2d6-4db5-a19e-cb9e0409c289,AP-000014,2025-11-16 17:48:47,248.98,CARD,SUCCESS
a0a09d7d-f334-483b-99bb-a65a19490460,AP-000014,2026-05-18 13:48:47,248.98,BANK_TRANSFER,PENDING
836fe39e-49db-4adc-92d5-5b3be77286e1,AP-000015,2023-06-30 18:19:53,42.15,DIRECT_DEBIT,PENDING
c27ce0f8-268a-4b4e-803d-6afef713a4ad,AP-000015,2024-06-06 20:05:40,42.15,BANK_TRANSFER,SUCCESS
de73b2bb-6aed-447c-a06a-acfc6e6065e7,AP-000015,2025-06-15 17:03:30,42.15,BANK_TRANSFER,SUCCESS
e8101397-b679-4d7c-9857-6519bc72b516,AP-000015,2024-12-14 10:27:25,42.15,BANK_TRANSFER,FAILED
ce8f97d5-09c4-49f2-b6a5-0c53d48e4ed4,AP-000015,2025-10-01 15:46:11,42.15,DIRECT_DEBIT,SUCCESS
5eb7e8e8-224b-4d33-9130-23f30ff92ab0,AP-000016,2023-10-10 01:04:37,152.46,DIRECT_DEBIT,PENDING
0e4a62b5-659d-4eb2-847a-d2df9adcf854,AP-000016,2026-03-14 09:33:23,152.46,DIRECT_DEBIT,PENDING
f8cdf7f0-7dab-4226-b31e-b2e872a83929,AP-000016,2025-09-05 21:51:31,152.46,CARD,PENDING
2dbb59c8-1de9-45a4-9282-26dadc931811,AP-000016,2024-01-31 22:45:13,152.46,DIRECT_DEBIT,PENDING
44c0e364-8499-44c6-8af4-f624ccd9b6d0,AP-000016,2023-06-19 19:15:06,152.46,BANK_TRANSFER,FAILED
6900b72c-41a6-41fe-9218-bec3349750c7,AP-000016,2026-04-05 08:41:49,152.46,CARD,SUCCESS
9308e90e-f201-429e-9f64-6b1554d74038,AP-000017,2025-01-17 03:12:38,165.19,BANK_TRANSFER,FAILED
d10e733b-fa26-4e0c-9404-e2dd1ca7f55a,AP-000017,2024-06-29 22:48:48,165.19,DIRECT_DEBIT,PENDING
e677b575-0cdf-4a60-ae90-9f67f8642c17,AP-000017,2025-11-03 11:10:31,165.19,BANK_TRANSFER,PENDING
6384b059-86cf-4212-aef2-1981ac1c23b5,AP-000017,2025-05-28 21:29:16,165.19,BANK_TRANSFER,FAILED
d6b5af59-758a-4d31-b3b8-8e09499ddfcd,AP-000017,2025-01-27 20:13:16,165.19,DIRECT_DEBIT,FAILED
82528f22-a09c-4716-99b4-5aff1bd39e21,AP-000017,2025-03-11 00:20:22,165.19,BANK_TRANSFER,PENDING
34491927-f10e-4e5a-82ff-ed166d546efc,AP-000018,2026-02-09 13:46:21,62.29,BANK_TRANSFER,FAILED
fe232a89-6f93-4301-ba4a-7810acee4102,AP-000018,2025-09-08 07:30:08,62.29,DIRECT_DEBIT,FAILED
16c64aa1-e164-43b1-aac8-c19fb00effd8,AP-000018,2026-01-07 04:05:17,62.29,CARD,SUCCESS
0e2efc26-c381-4da9-95ef-c89f2b0e554e,AP-000018,2026-03-06 09:03:56,62.29,CARD,PENDING
6778b23e-12a5-4f44-ba3e-6efc5d712fc7,AP-000018,2025-08-21 06:57:58,62.29,CARD,SUCCESS
314db0b3-338a-4415-aafa-5ad8db46a227,AP-000018,2025-10-22 17:31:54,62.29,CARD,PENDING
55fe4a6a-3859-4bf3-94d4-4dc7921e264a,AP-000019,2024-04-16 22:42:21,195.95,CARD,FAILED
aecfdfe5-2f4a-4daf-9ab2-eaf8b95ccfd4,AP-000019,2024-02-05 00:50:01,195.95,BANK_TRANSFER,PENDING
2bfab86a-c49c-4bed-961d-13e1da9d46f3,AP-000020,2026-04-18 11:14:50,76.9,DIRECT_DEBIT,SUCCESS
bc41396f-2fad-427e-8369-9536aae27373,AP-000020,2025-06-04 09:50:06,76.9,CARD,SUCCESS
d01168ed-ab26-4338-8f75-ab46e5369ca7,AP-000021,2026-07-19 04:41:36,102.07,BANK_TRANSFER,FAILED
d06b9bdd-f84a-44aa-a874-b677d1cf9792,AP-000021,2023-09-20 12:11:40,102.07,BANK_TRANSFER,SUCCESS
49a61eae-37f2-4249-8845-fcb83bbcb9d4,AP-000021,2024-02-29 04:35:04,102.07,DIRECT_DEBIT,FAILED
6ce629cb-e291-4a5c-8d0f-588406b67171,AP-000021,2024-09-06 09:36:32,102.07,CARD,FAILED
47a6d125-1aaa-4ed2-864e-5a7bb96769da,AP-000021,2026-04-28 13:22:36,102.07,DIRECT_DEBIT,PENDING
879e018c-f3e0-4664-94cb-723541ed8737,AP-000022,2026-01-27 08:57:38,167.15,CARD,PENDING
bef91276-70cb-45b0-a8b8-de432b0fde95,AP-000022,2024-12-12 01:20:04,167.15,BANK_TRANSFER,PENDING
d7782140-ddf1-4885-a589-d85fa50d8df0,AP-000023,2025-06-03 21:11:02,79.76,CARD,FAILED
68568985-491a-410c-91b6-a1b914140d3f,AP-000023,2025-02-09 08:01:22,79.76,BANK_TRANSFER,PENDING
a1e6aa32-aa1e-4e08-b6c3-e2e7aaf8fc9c,AP-000023,2024-04-13 13:30:23,79.76,BANK_TRANSFER,SUCCESS
6094180e-84a3-4847-b5fc-047c7e059c83,AP-000023,2024-11-09 15:56:34,79.76,BANK_TRANSFER,PENDING
90234c3d-52b0-4b9c-bc73-4c10ef7aee7b,AP-000023,2026-02-23 10:04:40,79.76,DIRECT_DEBIT,SUCCESS
086a45db-d979-417e-ab45-84c3d318c01d,AP-000024,2026-08-19 04:52:56,146.09,BANK_TRANSFER,SUCCESS
d9c68bfe-df33-4bec-ac14-39e7d3e05d7f,AP-000024,2026-07-22 23:35:22,146.09,CARD,FAILED
3c864dcc-ece0-4c67-bf43-11199cdf5d69,AP-000024,2026-08-05 12:40:02,146.09,DIRECT_DEBIT,FAILED
7eb77a71-08cc-4504-97a8-da102f4772cc,AP-000024,2026-07-26 23:11:10,146.09,BANK_TRANSFER,PENDING
38cfe529-b4c4-43a4-bda9-cbc194103cca,AP-000025,2026-01-27 09:16:06,38.22,DIRECT_DEBIT,FAILED
798ed8f5-9839-4353-a8bc-23dbeacea57b,AP-000025,2026-04-25 11:53:34,38.22,BANK_TRANSFER,PENDING
c17eedb1-4e27-427f-a9c2-6d69c28429ff,AP-000025,2025-03-04 08:35:35,38.22,DIRECT_DEBIT,FAILED
040399c7-abc1-4ab5-a367-54800496c46f,AP-000025,2025-04-13 18:16:37,38.22,DIRECT_DEBIT,PENDING
c0219f7e-5353-42b8-a511-e080b5275241,AP-000025,2025-09-13 15:03:52,38.22,BANK_TRANSFER,SUCCESS
74db7253-a1f2-48d3-b871-460a664fdf9c,AP-000026,2026-03-19 21:13:35,86.61,DIRECT_DEBIT,PENDING
352af5bc-24bb-45a7-9793-badd022034fd,AP-000026,2026-06-14 01:49:49,86.61,CARD,PENDING
a35bc8ea-223b-45d2-add2-08f745642868,AP-000026,2025-12-26 00:17:43,86.61,CARD,SUCCESS
50a28759-01aa-4e3e-9509-1a8d0bb1d9e1,AP-000026,2026-03-29 04:34:19,86.61,CARD,FAILED
f36342d8-b303-4007-ae6b-97576bb863c8,AP-000026,2026-01-23 18:06:17,86.61,CARD,SUCCESS
e3f5562c-808f-430c-ac4f-ff3496fd812f,AP-000026,2025-12-27 17:47:21,86.61,CARD,PENDING
f5302c9c-1889-40f1-879f-058b29e88908,AP-000027,2026-07-24 23:04:16,184.5,BANK_TRANSFER,PENDING
cbd2de87-b71f-4b82-b15d-fdc91d471f41,AP-000027,2026-01-21 05:49:29,184.5,DIRECT_DEBIT,SUCCESS
3ed6f87c-118f-4a30-91c1-bdcd99cd8717,AP-000027,2026-08-09 06:41:50,184.5,BANK_TRANSFER,SUCCESS
695297fe-e4c7-43a8-ada7-4b481243a7bc,AP-000027,2026-06-19 19:52:42,184.5,CARD,SUCCESS
dbcddd6f-80cf-419f-b81a-02acb1d705ee,AP-000028,2025-07-31 04:14:36,198.4,BANK_TRANSFER,PENDING
09d1d0d3-94fa-470d-8a01-a4798437dfc2,AP-000028,2025-05-28 16:04:12,198.4,CARD,SUCCESS
db05720d-40ea-4e7e-bab4-71771c1d63b1,AP-000029,2024-09-08 16:23:29,197.38,CARD,PENDING
b23a8861-989c-4c12-8df5-33be5161e321,AP-000030,2024-06-05 07:48:18,109.5,CARD,PENDING
88033b87-1b4b-434d-8daf-80dc4e650d94,AP-000030,2025-06-24 19:19:40,109.5,CARD,FAILED
9393a863-76c8-445e-927e-568b5adc23da,AP-000030,2024-03-27 21:22:50,109.5,CARD,SUCCESS
5aeaa103-9795-470c-85c2-5e53c5f47834,AP-000031,2024-10-04 01:29:22,119.86,CARD,PENDING
3ac599c4-38cc-4b72-a9a6-8305b5f8de97,AP-000031,2024-12-06 12:06:43,119.86,CARD,SUCCESS
ee13b266-1fc3-4282-81a4-be83326d5558,AP-000031,2023-09-19 01:38:50,119.86,CARD,FAILED
f19e096b-0c63-49a1-99f5-d1f8fe6606f3,AP-000031,2024-02-02 15:49:21,119.86,DIRECT_DEBIT,PENDING
459254f9-d2ca-47d4-9668-f3fbff5a8c0c,AP-000031,2023-11-24 03:23:31,119.86,DIRECT_DEBIT,FAILED
59b1e0e1-d5f2-4879-995d-a83afdd064fc,AP-000032,2024-08-05 12:06:53,197.28,DIRECT_DEBIT,PENDING
2fb9af2c-a225-4162-81a3-cd6cac3b1c23,AP-000032,2024-10-16 16:55:32,197.28,DIRECT_DEBIT,SUCCESS
4535130b-f77d-4f1c-a80a-65b0e6a9de2f,AP-000032,2026-06-12 13:01:41,197.28,CARD,PENDING
dfcb0424-048f-4609-afc7-80143bda51fd,AP-000032,2026-02-07 02:30:34,197.28,DIRECT_DEBIT,SUCCESS
054adbe5-d431-4146-91d0-3da1ffa13b3f,AP-000032,2025-12-10 20:29:17,197.28,DIRECT_DEBIT,FAILED
4d770fcb-19dd-40f6-a7a6-87f60bf9c7d7,AP-000032,2026-03-07 08:32:33,197.28,CARD,SUCCESS
b1f80b16-b15b-45df-97a9-d9873dfa64b6,AP-000033,2025-04-13 08:09:32,92.85,DIRECT_DEBIT,PENDING
f51599bc-187e-4600-add4-fb71b4e5416e,AP-000034,2025-04-02 01:46:44,186.61,DIRECT_DEBIT,PENDING
98f5c7a4-e4ab-41ca-bcaf-24e9f604be35,AP-000034,2025-12-24 15:12:54,186.61,DIRECT_DEBIT,FAILED
d4c892a4-862c-493e-be74-dd8e366fddc5,AP-000034,2026-02-23 12:19:57,186.61,BANK_TRANSFER,SUCCESS
423658ea-7acd-461e-96fd-ce7c2bdce780,AP-000034,2025-07-17 14:09:51,186.61,DIRECT_DEBIT,SUCCESS
898343a0-b770-4c56-a412-cd2bebeaeaca,AP-000035,2023-11-13 05:38:09,99.96,DIRECT_DEBIT,SUCCESS
0600aeae-c73b-4c45-94dd-9192b3c2a3ea,AP-000035,2025-11-05 22:53:52,99.96,CARD,FAILED
db5bd570-ba05-4734-b48e-baea3ad5a282,AP-000035,2026-04-23 15:34:41,99.96,CARD,PENDING
d1236dd8-3b42-4fc3-bb15-b39303ae362c,AP-000035,2024-07-18 09:21:37,99.96,BANK_TRANSFER,PENDING
e1aeee7a-0393-4224-af10-813e9e1f5e9c,AP-000035,2026-07-20 12:14:52,99.96,DIRECT_DEBIT,PENDING
17394dd5-2db7-45b3-8370-d80c53420d48,AP-000036,2026-07-31 20:00:20,198.46,DIRECT_DEBIT,FAILED
7e386cbc-d598-4fd0-9e25-215f5aaad3df,AP-000037,2025-02-22 07:51:34,63.67,DIRECT_DEBIT,SUCCESS
a36a166f-cc58-4197-829d-febd989bc4e3,AP-000037,2025-08-22 22:30:27,63.67,CARD,SUCCESS
875133a8-191c-4011-97bb-e91948f4c672,AP-000037,2024-12-01 20:41:56,63.67,CARD,SUCCESS
0c601e83-5d22-47e4-bd55-d96fa1f92f75,AP-000037,2026-01-20 03:55:32,63.67,CARD,SUCCESS
bc52ef24-8f6d-42f6-8509-9fe3235d26ca,AP-000037,2025-02-08 16:23:49,63.67,BANK_TRANSFER,SUCCESS
9dc21d40-6ff4-428a-81f8-1579767d2dd6,AP-000038,2026-03-04 14:41:27,27.32,DIRECT_DEBIT,FAILED
6577e8a7-12c6-49c3-aaf0-208765158016,AP-000038,2026-06-24 03:13:48,27.32,BANK_TRANSFER,SUCCESS
cdcf3e9b-9609-475e-a11d-9e7d87dfc707,AP-000038,2026-05-23 01:36:45,27.32,BANK_TRANSFER,SUCCESS
1e7b0758-b684-4e1f-9168-96114666fba7,AP-000038,2026-03-14 02:31:23,27.32,DIRECT_DEBIT,FAILED
11245bf5-582a-4880-9b18-ec98ae537a7d,AP-000038,2026-03-29 03:32:00,27.32,CARD,SUCCESS
f5391bfb-c4c6-426a-91be-671c9d6a56d4,AP-000039,2024-10-07 17:07:19,133.02,BANK_TRANSFER,FAILED
6e46ec8d-5b96-4e1d-8d78-5454e1b7ad8c,AP-000040,2026-02-26 19:18:32,202.68,DIRECT_DEBIT,SUCCESS
bf421df7-564e-44f1-8476-134055795dd7,AP-000041,2025-08-30 03:09:45,37.93,CARD,FAILED
17c294c1-5278-4d97-84d7-4f5ab452453a,AP-000041,2026-06-28 20:02:45,37.93,DIRECT_DEBIT,SUCCESS
fb1a4a43-f5ec-4f86-80b5-c0d885a2e96f,AP-000041,2025-04-15 16:40:11,37.93,DIRECT_DEBIT,FAILED
b2b0e20f-b5f4-4bf1-bc33-fcf688b9bbf4,AP-000041,2025-05-22 22:44:28,37.93,DIRECT_DEBIT,PENDING
67380223-d975-4641-b7c6-41f854a84a80,AP-000041,2025-08-27 23:53:00,37.93,DIRECT_DEBIT,SUCCESS
4f2a0968-3a5f-4f5d-92ca-2ce250d3f127,AP-000041,2025-05-14 06:42:50,37.93,DIRECT_DEBIT,FAILED
94922454-f256-4097-852c-728da237a23b,AP-000042,2024-08-12 16:55:01,175.13,DIRECT_DEBIT,PENDING
2bb34268-8b7f-4a67-a750-adc944c1c899,AP-000042,2024-08-02 07:25:02,175.13,BANK_TRANSFER,PENDING
d51e0209-b177-40eb-8d16-dab96757c99e,AP-000042,2025-04-09 20:18:34,175.13,DIRECT_DEBIT,PENDING
4151b041-0100-4934-8207-f7831ee8be80,AP-000042,2026-04-20 07:43:24,175.13,BANK_TRANSFER,PENDING
68bec009-fe07-424e-b9d7-82acfa333959,AP-000042,2024-12-18 05:58:10,175.13,DIRECT_DEBIT,PENDING
6a8ee6eb-5425-433a-bfdf-fb51f0c2e77a,AP-000043,2026-07-16 23:29:10,75.37,BANK_TRANSFER,PENDING
ed802584-41fa-4625-b116-8a4cdbc28fe6,AP-000043,2025-12-22 15:46:08,75.37,BANK_TRANSFER,PENDING
a45da71e-4aa1-4be3-bb76-0bc8cd78f132,AP-000043,2023-11-12 19:07:39,75.37,BANK_TRANSFER,SUCCESS
120090e9-6adf-4442-9cc8-d569776719e4,AP-000043,2026-03-25 17:06:18,75.37,DIRECT_DEBIT,SUCCESS
532a1e94-2cdf-4dd2-bda1-46d7117238e6,AP-000043,2023-11-11 11:58:23,75.37,BANK_TRANSFER,FAILED
dfd87e93-c29c-4034-a9e5-0a2aceee418e,AP-000043,2023-05-04 08:54:19,75.37,CARD,FAILED
f930cecf-82e8-4931-ab9d-8eeb87bc78c2,AP-000044,2026-02-26 01:10:46,248.48,CARD,PENDING
bc41e06b-bf55-4d19-be7b-97dda148b6ed,AP-000044,2026-02-24 07:35:29,248.48,CARD,FAILED
4d66f9ec-65b3-4540-a220-dd47ab2dcac7,AP-000045,2025-10-06 12:08:19,137.59,CARD,SUCCESS
8f3ac59c-a8fc-40c7-95b7-59f93f5758b9,AP-000045,2025-02-20 17:03:01,137.59,BANK_TRANSFER,PENDING
6afb664f-d0fe-4120-8776-c05eb6b9a066,AP-000045,2025-04-12 16:32:01,137.59,CARD,FAILED
38fc4fb9-905a-40fa-b0eb-f158db74319e,AP-000045,2023-12-22 15:53:53,137.59,BANK_TRANSFER,FAILED
f204e8f3-f41b-4c37-8972-aa546ce503dd,AP-000045,2024-06-13 00:48:12,137.59,CARD,FAILED
47f0c93f-3f06-4cda-af95-d144e0d600cc,AP-000046,2026-04-20 19:00:11,186.42,DIRECT_DEBIT,FAILED
d6080b89-8532-4b4c-9733-558e81d56b93,AP-000046,2026-03-22 17:08:06,186.42,CARD,FAILED
88113156-84b0-4760-880e-4fa698715094,AP-000046,2026-02-19 21:52:47,186.42,DIRECT_DEBIT,PENDING
36648aa8-26d5-47b8-941f-bedda3666b96,AP-000046,2026-05-06 02:06:21,186.42,CARD,FAILED
37768fcd-3765-4c82-8673-c1b8ea19b97c,AP-000046,2026-06-23 23:49:37,186.42,DIRECT_DEBIT,PENDING
3bb86e64-bdc8-478f-8b23-5f00649ccc00,AP-000046,2026-04-19 09:47:10,186.42,CARD,SUCCESS
2a4c7dc7-89d9-4a51-82d5-c6d58101867b,AP-000047,2025-08-03 08:12:11,222.35,CARD,FAILED
456c5c7a-46d1-4664-a1c1-da098262deef,AP-000048,2025-09-01 15:42:20,215.38,CARD,PENDING
7ed546bf-0cfb-4736-aed3-93865468d9fc,AP-000048,2025-07-23 05:01:41,215.38,DIRECT_DEBIT,SUCCESS
f28617b0-a3f6-49ed-81c0-a1580e13b196,AP-000048,2024-06-22 04:34:12,215.38,BANK_TRANSFER,FAILED
cc85797c-a18d-4f53-bc3a-9ed1235118c3,AP-000048,2023-02-03 06:09:45,215.38,DIRECT_DEBIT,SUCCESS
78e2052e-5d25-469c-a600-8a68613263be,AP-000049,2025-01-11 10:00:41,180.49,BANK_TRANSFER,FAILED
13074034-a49c-4c41-88f7-349b85b0a3b5,AP-000049,2026-04-18 07:27:29,180.49,DIRECT_DEBIT,FAILED
d3df989b-e7da-4525-8d5b-2db743edba92,AP-000049,2025-11-15 01:32:38,180.49,CARD,SUCCESS
61cc51ec-f40b-4a5e-b1d1-70f63cb88e21,AP-000049,2024-03-07 03:53:08,180.49,BANK_TRANSFER,PENDING
27d83166-18c1-4016-8d7e-63946cf01dea,AP-000050,2025-06-04 09:00:34,54.04,CARD,FAILED
2e2d6f6c-78db-4e0f-aa30-2a03bace6fe4,AP-000050,2024-10-03 04:20:00,54.04,BANK_TRANSFER,PENDING
a8e58a12-3aa0-4139-96a6-6d530f9edfd3,AP-000050,2025-09-24 20:48:15,54.04,CARD,PENDING
2851b3da-a913-40a9-9394-4e0e8772d3bf,AP-000050,2026-01-02 14:46:10,54.04,DIRECT_DEBIT,PENDING
c8873d03-e036-415d-a33c-12b33140f48d,AP-000050,2024-12-01 12:02:35,54.04,DIRECT_DEBIT,SUCCESS
7c84d582-17c0-4f40-a030-e4fa902b6244,AP-000050,2025-10-06 19:35:33,54.04,CARD,PENDING
276036ea-d243-46e0-b8b0-d686824e3a5a,AP-000051,2024-02-11 21:05:06,110.92,DIRECT_DEBIT,SUCCESS
3ccf4a9d-9d43-4b6a-88d2-2911eafbcf30,AP-000051,2025-04-02 13:37:41,110.92,CARD,SUCCESS
4f398d46-88b8-4dec-9e26-8ef7af3cfcbc,AP-000051,2023-11-26 09:59:41,110.92,BANK_TRANSFER,PENDING
eec7d26c-75b3-4f5b-8bbd-cc6695e363e3,AP-000051,2026-06-01 07:45:59,110.92,BANK_TRANSFER,FAILED
8b5d73ee-1d37-49af-8655-16f7d16d2dc0,AP-000051,2026-04-25 19:45:25,110.92,DIRECT_DEBIT,SUCCESS
b1aae22c-dbc8-4320-8c6f-868db4c5fedf,AP-000051,2025-09-26 08:38:10,110.92,CARD,FAILED
b224ef0c-01c3-454f-bbfe-37c8f2130bb1,AP-000052,2026-05-01 00:51:34,104.01,CARD,PENDING
1cb80e87-32aa-4548-aebf-d2cce4e3438f,AP-000052,2024-03-30 15:32:59,104.01,CARD,PENDING
b7441211-0e30-48b0-8f90-090e0094e139,AP-000052,2025-03-06 08:10:36,104.01,DIRECT_DEBIT,PENDING
a12719b4-70d2-4ef1-8b04-37b6e27de6d0,AP-000052,2024-04-11 22:53:31,104.01,DIRECT_DEBIT,SUCCESS
81e11d10-8844-4dc7-bbc8-2030ef0063b6,AP-000052,2024-09-18 17:08:56,104.01,BANK_TRANSFER,SUCCESS
014b6787-882f-4538-964f-2694a418d495,AP-000052,2025-07-02 18:42:41,104.01,CARD,SUCCESS
741bdf84-4fd8-4894-9c19-0ce0ca5386b7,AP-000053,2025-05-10 18:33:35,105.98,DIRECT_DEBIT,SUCCESS
8aa5e35b-4273-4682-bf17-f161c24d67ea,AP-000053,2023-01-22 07:51:37,105.98,BANK_TRANSFER,SUCCESS
59166054-28c2-45b0-8c90-371d87037282,AP-000054,2025-09-12 08:56:07,179.57,BANK_TRANSFER,SUCCESS
d695f2bb-3a5d-499e-a71f-bd34c32d908f,AP-000055,2026-03-21 20:26:57,145.68,CARD,FAILED
e99e1d08-6ca5-469b-86eb-c6ac71ec9ef8,AP-000055,2025-11-08 18:01:07,145.68,DIRECT_DEBIT,FAILED
585ba17a-7011-4960-909d-627508ebcc86,AP-000055,2025-07-02 10:37:56,145.68,CARD,PENDING
e57876ba-6aee-4c25-828e-0b5e450833e7,AP-000055,2025-12-04 21:50:02,145.68,DIRECT_DEBIT,FAILED
345ffab7-f037-4500-bb4f-9e4e44f06ffd,AP-000055,2026-05-13 15:39:21,145.68,DIRECT_DEBIT,SUCCESS
b82c3502-23da-4e3a-a1f3-b3fac7168bd8,AP-000055,2026-02-13 07:13:22,145.68,BANK_TRANSFER,SUCCESS
0718bd98-9c46-41c4-8675-25633dfb5937,AP-000056,2025-07-09 18:20:12,201.51,CARD,PENDING
88d685a8-56ba-4d94-90d9-753b381e537f,AP-000057,2022-12-17 19:21:05,82.4,DIRECT_DEBIT,SUCCESS
71afe7cf-96a8-490d-87b5-1e23624ccc5b,AP-000057,2023-11-01 18:06:44,82.4,BANK_TRANSFER,PENDING
23945116-7958-4994-a0fb-826fc3a0cf98,AP-000057,2026-06-18 16:01:10,82.4,DIRECT_DEBIT,FAILED
aa505d2a-498c-470c-ae59-291652f43deb,AP-000057,2025-12-23 11:29:26,82.4,CARD,SUCCESS
a6eeb4e4-bd7c-4f59-924b-2ce6f7e54650,AP-000057,2024-04-08 14:39:03,82.4,CARD,FAILED
d56ad19d-8e76-41c3-aa30-eb11a6439c0b,AP-000058,2023-08-26 00:01:26,233.06,CARD,PENDING
6def2c08-e46c-4bd6-a27e-9b0280322721,AP-000058,2026-04-01 01:13:16,233.06,DIRECT_DEBIT,PENDING
a8014b09-a233-45c6-867f-7ec3c6b1f05a,AP-000059,2026-06-05 20:24:53,163.8,DIRECT_DEBIT,PENDING
fcd6bd1a-4dfd-4d85-99c3-5cf7b3542c22,AP-000060,2025-03-05 03:04:16,224.79,CARD,PENDING
37f4a871-2c72-4724-bdd6-95f77cc18ec4,AP-000060,2026-04-11 04:24:33,224.79,BANK_TRANSFER,FAILED
c5893503-ad12-4840-b24f-8568bb7134cb,AP-000061,2026-03-22 23:10:26,187.87,CARD,SUCCESS
c87bb920-3651-4e53-a409-44ba1d69abdc,AP-000061,2026-04-16 07:28:06,187.87,DIRECT_DEBIT,SUCCESS
eb2526df-2e6c-41ce-9398-d0cdf53a014b,AP-000061,2026-03-16 18:18:48,187.87,DIRECT_DEBIT,FAILED
3240d7bf-21a6-46f9-b2c3-9f8123fcd6a4,AP-000061,2026-03-03 15:15:34,187.87,DIRECT_DEBIT,SUCCESS
b8ddfc97-390c-44ae-83fc-2c4866bef61b,AP-000061,2026-04-04 10:46:33,187.87,CARD,PENDING
525867eb-3d88-41c0-9018-97193c609aa3,AP-000062,2025-02-27 02:16:48,249.01,BANK_TRANSFER,SUCCESS
f5acf498-c1d6-4bd5-8c60-9d977ef7bde4,AP-000062,2026-04-24 06:09:30,249.01,DIRECT_DEBIT,FAILED
b8b91e40-1a1b-4767-a1bf-9279840869aa,AP-000063,2025-02-17 12:08:31,213.09,DIRECT_DEBIT,FAILED
7dc44257-84c0-4b6f-ba4f-196908d17027,AP-000063,2026-04-26 12:58:26,213.09,BANK_TRANSFER,SUCCESS
f7b360a4-9187-43f5-afa7-ec7c09144389,AP-000063,2025-03-15 10:20:34,213.09,CARD,SUCCESS
ef8abf63-f9a7-4790-9a7e-b5e95abb2e04,AP-000063,2025-04-21 05:43:55,213.09,CARD,SUCCESS
460254b9-06e1-4718-ac59-be2c0ab80f39,AP-000063,2025-09-07 08:14:44,213.09,CARD,FAILED
3ed313b9-8d59-4a15-a840-f75a0df5cbe9,AP-000063,2025-02-27 00:59:46,213.09,DIRECT_DEBIT,PENDING
ee56d5e0-2ea7-4c5b-8f80-a826b51775c3,AP-000064,2024-01-28 20:46:25,73.4,DIRECT_DEBIT,FAILED
0a1998ba-25eb-4277-bb1c-3f10697a7722,AP-000064,2024-05-17 07:42:16,73.4,BANK_TRANSFER,SUCCESS
10eddbf6-00dc-4449-84bb-686045e9130c,AP-000064,2026-07-17 16:33:44,73.4,BANK_TRANSFER,PENDING
aa381c0e-1588-486d-8871-a7cd7f271175,AP-000064,2025-04-07 11:20:39,73.4,BANK_TRANSFER,SUCCESS
10955a56-4487-4dfd-907b-40a4a6d0c62b,AP-000065,2026-04-14 09:09:51,72.04,CARD,FAILED
eba2ce58-609a-41c3-9962-2b638a8c907d,AP-000065,2025-11-02 07:23:08,72.04,DIRECT_DEBIT,SUCCESS
53355cd0-9216-48be-813d-3783f1ee316a,AP-000065,2026-06-25 14:44:07,72.04,CARD,SUCCESS
6da446f4-f346-4e35-86f2-41e8742b20cc,AP-000065,2026-06-02 19:50:46,72.04,CARD,PENDING
8e5f5328-4d6f-46c9-962e-dbd89deb85fd,AP-000066,2025-10-31 16:06:20,94.73,DIRECT_DEBIT,FAILED
076c8da4-b1a0-4546-9ade-20f1d44b7fb9,AP-000067,2024-07-06 18:36:37,185.65,DIRECT_DEBIT,FAILED
31b8ab3a-8197-415a-8d09-d9a1158a7e73,AP-000067,2026-01-19 12:20:33,185.65,DIRECT_DEBIT,FAILED
ae4f110b-d0df-49df-8258-955d7c86b288,AP-000067,2026-03-31 22:31:32,185.65,DIRECT_DEBIT,SUCCESS
f0e06692-5f90-4e43-900e-c1705d6282bf,AP-000067,2024-10-13 07:08:44,185.65,DIRECT_DEBIT,SUCCESS
5f9d7a08-e44a-48e6-a269-bbe2b4f7231b,AP-000067,2025-09-15 09:26:36,185.65,BANK_TRANSFER,PENDING
71160782-d880-4e84-a8c0-dba60939b66d,AP-000068,2026-08-15 08:28:39,221.89,CARD,FAILED
f7968c3f-6faf-4bc2-9d32-9567f6a743de,AP-000068,2026-06-03 02:49:05,221.89,BANK_TRANSFER,FAILED
073396ce-e6d1-4a46-aad5-aecbcfac3b22,AP-000068,2026-06-18 23:03:58,221.89,DIRECT_DEBIT,SUCCESS
923e320a-1330-426f-a53e-f5bcc9e565ea,AP-000068,2026-07-12 21:01:35,221.89,CARD,PENDING
f9c14064-0f1d-48c4-af99-852eb8153759,AP-000068,2026-07-29 00:46:16,221.89,BANK_TRANSFER,PENDING
f63f14d2-4d8e-4cb9-b485-50b3de4ecbf4,AP-000068,2026-06-28 09:21:05,221.89,BANK_TRANSFER,PENDING
0dd4a6e9-d6e0-4d78-a778-e3c68bc48121,AP-000069,2026-03-25 07:32:38,117.17,BANK_TRANSFER,FAILED
3f5672c7-90d9-4bde-8c5d-c012d3dee275,AP-000069,2026-04-11 08:33:56,117.17,BANK_TRANSFER,SUCCESS
cbf0a7c8-41b2-4fa6-9f0f-2397503ac778,AP-000070,2024-05-03 06:55:04,46.03,CARD,SUCCESS
022054e9-be5f-4437-b597-784ddbfa5796,AP-000070,2025-10-01 23:13:27,46.03,BANK_TRANSFER,FAILED
0400016a-d12c-4e49-9b37-7c9d593fa545,AP-000070,2024-08-03 00:48:43,46.03,DIRECT_DEBIT,SUCCESS
a98ed839-2576-4f68-94c8-6c9eed688673,AP-000070,2024-05-31 08:32:44,46.03,BANK_TRANSFER,SUCCESS
0b52fa69-e644-4153-b25d-225d85971a3f,AP-000071,2026-03-23 21:43:15,94.54,CARD,FAILED
cf871294-6530-4a66-b44b-4f7ea058e15f,AP-000072,2024-10-10 22:53:57,103.48,DIRECT_DEBIT,SUCCESS
ac4f09b2-0944-4acf-af2f-1ee186679eb3,AP-000072,2024-09-08 01:36:25,103.48,BANK_TRANSFER,FAILED
ad8fbee5-90b6-4eaf-95e4-36c061daca61,AP-000072,2026-03-01 22:59:50,103.48,BANK_TRANSFER,SUCCESS
67c8fcee-cd4d-4801-b194-d62e30fe3610,AP-000072,2024-08-05 15:51:00,103.48,CARD,PENDING
7f260655-8448-4f5d-9bed-aa967ced6fed,AP-000072,2024-08-22 13:57:10,103.48,DIRECT_DEBIT,FAILED
217efc54-a883-4833-81e2-0e421c5c8a8d,AP-000073,2025-10-18 15:57:08,57.29,BANK_TRANSFER,PENDING
cf87aff6-5a42-4428-8bbd-d6deee97c165,AP-000074,2025-08-24 21:40:36,187.94,CARD,SUCCESS
69cb1dd1-53cb-4947-b1f7-39d4969f1f63,AP-000075,2026-08-11 08:38:52,125.49,BANK_TRANSFER,SUCCESS
07bf0616-95f3-4c7b-9391-423ddfa5ec3c,AP-000075,2026-07-24 18:47:42,125.49,CARD,FAILED
b09a9d50-d69e-46b2-a066-d142eef8d2ed,AP-000075,2026-08-02 20:14:49,125.49,DIRECT_DEBIT,PENDING
d19beb8f-1e4d-468d-a96e-3398760cf051,AP-000075,2026-08-18 11:28:24,125.49,BANK_TRANSFER,PENDING
d62d8e8f-681c-47cb-a328-db538de7ba3c,AP-000075,2026-08-16 10:34:17,125.49,BANK_TRANSFER,SUCCESS
ff0050fc-a454-4179-a76d-4818dad44e07,AP-000076,2024-12-29 17:22:10,158.02,DIRECT_DEBIT,SUCCESS
a4667e90-f63b-4e28-ae86-5c0991e41192,AP-000076,2026-04-27 19:32:58,158.02,CARD,SUCCESS
7f036eed-037e-4ac4-8511-0ac4c97020c4,AP-000076,2024-03-29 09:03:56,158.02,CARD,SUCCESS
399877d5-6e65-445b-bb49-795a3e3eaaef,AP-000076,2024-03-22 11:34:11,158.02,DIRECT_DEBIT,PENDING
e4f35d3d-8f62-47b4-9131-1636a8d76344,AP-000076,2025-03-23 02:53:59,158.02,CARD,SUCCESS
adb99ecc-65c9-460c-bcb4-fa9a1b0ca5fa,AP-000076,2023-05-04 14:32:07,158.02,CARD,FAILED
69155d6b-7559-49c6-8b43-66a1157499a3,AP-000077,2025-04-05 23:33:26,231.69,CARD,FAILED
5bbbae40-fc93-440f-bb91-606f3a05c43c,AP-000077,2025-12-29 06:08:17,231.69,BANK_TRANSFER,FAILED
232ff6e7-5da6-4c25-979e-91ced42f737f,AP-000078,2023-11-29 08:17:32,179.05,CARD,SUCCESS
97295a46-4ee6-4e9e-8b19-dd52741b8597,AP-000078,2025-06-02 09:45:14,179.05,BANK_TRANSFER,PENDING
3b3f6416-62a8-4daf-84bf-35e36a59670d,AP-000078,2025-04-26 10:08:41,179.05,BANK_TRANSFER,PENDING
43ea6247-8620-47c5-b181-0daa74ade7d8,AP-000079,2026-03-21 00:52:33,34.93,CARD,FAILED
d5e883fe-9b07-4615-b8f5-ec086da45ad8,AP-000079,2026-07-03 10:43:25,34.93,CARD,SUCCESS
879b2af3-03bc-41ce-989c-6afa26997dc6,AP-000079,2025-02-10 01:31:19,34.93,DIRECT_DEBIT,FAILED
7ee1ffc8-6642-4151-9a83-3efe6c76fcda,AP-000079,2025-03-02 18:05:50,34.93,DIRECT_DEBIT,FAILED
d9c2d194-8319-416d-a82a-2e2fb4772f24,AP-000079,2026-06-24 20:11:20,34.93,CARD,PENDING
47112302-0316-4c2d-bb18-1c0522c556ef,AP-000079,2025-12-20 13:38:40,34.93,DIRECT_DEBIT,FAILED
a3c490f5-c295-4479-8f48-335bd48c2e23,AP-000080,2024-12-21 00:31:38,234.8,BANK_TRANSFER,FAILED
efc7731f-2c67-49d4-9276-99f606746dcd,AP-000080,2023-11-17 14:21:07,234.8,DIRECT_DEBIT,FAILED
a086d032-71a7-473d-9229-4684cd6df143,AP-000080,2024-12-27 02:55:19,234.8,BANK_TRANSFER,SUCCESS
0c96d1fb-297b-4f11-8136-2efe3b14d504,AP-000081,2025-05-21 07:11:08,149.41,CARD,FAILED
e8288149-26aa-4f88-9b1f-d585c42e2555,AP-000081,2025-12-01 22:08:22,149.41,BANK_TRANSFER,SUCCESS
cdb34b40-a5cd-4e7f-99e3-a2b9c60501de,AP-000081,2024-09-29 15:23:37,149.41,CARD,SUCCESS
2e921199-8e50-49af-aa30-6116b8f234f5,AP-000081,2025-08-11 10:38:15,149.41,CARD,PENDING
7ca3ddf2-2bbe-4646-9ee1-366a335b70f6,AP-000081,2024-06-05 10:17:03,149.41,DIRECT_DEBIT,SUCCESS
864f31f4-371a-4d7f-bb3f-e2ec7e0e3348,AP-000082,2025-10-26 06:31:07,249.77,DIRECT_DEBIT,SUCCESS
35339a63-fa47-4c90-8f48-263463321aad,AP-000082,2025-07-19 12:30:40,249.77,CARD,FAILED
989ab79b-066c-42ee-9f30-2edc634a63fa,AP-000082,2026-06-01 13:08:36,249.77,CARD,FAILED
4191de30-55c5-4aca-a221-c226d3856d5f,AP-000082,2026-07-03 22:13:14,249.77,BANK_TRANSFER,PENDING
db2ec8a9-18e8-4659-ac06-b3aa57330f79,AP-000082,2024-07-29 23:53:40,249.77,CARD,PENDING
148bd020-b80f-4420-b3af-a83bd17e7943,AP-000083,2025-06-01 05:24:18,146.5,BANK_TRANSFER,FAILED
c85c1235-829c-4ead-b3c9-7822364c768e,AP-000083,2025-01-12 14:48:48,146.5,DIRECT_DEBIT,FAILED
ace90d92-e2de-446a-8b23-e7f196b3db33,AP-000083,2023-10-01 23:21:58,146.5,CARD,SUCCESS
e377ce8d-7b4e-47f3-8eb8-2d1a676a3af1,AP-000084,2025-09-06 05:48:00,96.02,CARD,FAILED
c6a84e39-7ef6-4bd5-9f7a-8d6113c6386d,AP-000084,2025-08-16 05:56:23,96.02,CARD,PENDING
38584316-356c-4c29-b2dc-7991ffbaf1d7,AP-000084,2026-05-13 13:05:41,96.02,CARD,FAILED
bb551c71-29ac-48cb-9e9f-8aa9a3095203,AP-000084,2026-08-04 18:00:02,96.02,BANK_TRANSFER,FAILED
82856619-f8a6-436b-9b06-e93506f6ad9a,AP-000085,2024-10-05 13:29:49,200.32,BANK_TRANSFER,PENDING
68ab8343-3b6b-45ca-bc5a-e0a6663001ac,AP-000085,2024-07-16 16:15:44,200.32,CARD,SUCCESS
1b59a0da-4556-4557-9f02-27aff385da62,AP-000085,2024-10-23 14:44:25,200.32,BANK_TRANSFER,SUCCESS
c06f2d10-977c-48a8-a804-9b51f1d3b348,AP-000085,2026-01-14 16:57:47,200.32,BANK_TRANSFER,PENDING
e2c3be8f-635f-4256-981c-f2c58eb62ef0,AP-000085,2024-09-28 16:52:03,200.32,DIRECT_DEBIT,FAILED
9e5896ba-7bff-4574-84f0-2bba78087612,AP-000085,2026-02-08 18:47:55,200.32,CARD,FAILED
b329868c-b50d-4e2c-a67f-b6dd9fed1cd8,AP-000086,2026-08-19 01:55:52,109.6,DIRECT_DEBIT,SUCCESS
403373f2-65c9-409e-923c-2abeeb275dc7,AP-000086,2024-01-27 05:18:35,109.6,BANK_TRANSFER,PENDING
91b92779-7cf4-47be-8201-4dac8a7fef85,AP-000086,2023-12-16 09:05:16,109.6,CARD,PENDING
da65b618-049b-4413-89a9-965ad04a1e91,AP-000087,2025-04-18 01:59:06,123.94,CARD,PENDING
3f759233-596e-4549-a306-11656fff3749,AP-000087,2025-07-31 21:20:24,123.94,CARD,SUCCESS
a42a3443-6381-4463-ac02-c3b8e88d3730,AP-000088,2026-06-07 15:57:57,25.73,CARD,FAILED
bc8f5282-6d18-4277-b716-b0798b6059c5,AP-000088,2024-06-07 01:37:52,25.73,DIRECT_DEBIT,SUCCESS
2beb2342-4d00-438d-b0a0-d2bcc244b66a,AP-000089,2026-03-20 09:22:13,186.65,CARD,SUCCESS
13d45e92-78fc-4b90-90b9-c2893b46d652,AP-000089,2025-09-04 20:13:59,186.65,BANK_TRANSFER,SUCCESS
33eeff97-a6aa-4e14-be9a-691be759e157,AP-000089,2025-12-31 23:13:17,186.65,DIRECT_DEBIT,FAILED
d10abbae-7f47-431a-9261-0e0678634a06,AP-000089,2025-07-19 21:56:19,186.65,CARD,PENDING
ba04bb8c-e975-452b-88e6-812512ca262e,AP-000089,2026-02-20 18:10:26,186.65,BANK_TRANSFER,SUCCESS
d4b8c659-28db-4550-9e0b-eeaa4d88886c,AP-000090,2026-06-29 14:19:26,139.73,DIRECT_DEBIT,SUCCESS
4b9ebcef-3e50-4af9-9d0c-9d2de64ed6c6,AP-000090,2026-07-02 10:20:20,139.73,BANK_TRANSFER,SUCCESS
ce063be0-1dd0-4430-a5ff-9d40364cfd44,AP-000090,2026-02-03 03:36:33,139.73,CARD,PENDING
0afcd8bf-6511-4c88-bb00-b25966de059a,AP-000091,2024-06-22 21:11:55,93.4,DIRECT_DEBIT,FAILED
7126eb22-5781-4bf7-9072-a255040ee2c0,AP-000091,2025-10-19 10:02:35,93.4,CARD,SUCCESS
19c444d4-2c8c-4b25-8eb7-4d9298d846c6,AP-000091,2023-08-11 06:44:43,93.4,DIRECT_DEBIT,PENDING
e0390659-be49-4338-8788-4f155802444a,AP-000091,2025-03-05 13:50:10,93.4,DIRECT_DEBIT,PENDING
e5165ee6-121f-4759-bd24-44be5c5aa5ba,AP-000091,2026-02-21 16:54:19,93.4,BANK_TRANSFER,SUCCESS
ab65f8d5-6957-4b92-a134-542a0ef053a3,AP-000092,2025-12-24 13:40:47,152.04,DIRECT_DEBIT,PENDING
13810ed7-ab4f-4530-9bab-6865ddb23e5a,AP-000092,2026-08-01 21:51:20,152.04,CARD,SUCCESS
63c79b2b-73a4-4206-ae3f-f5d0ece89480,AP-000092,2025-09-09 18:41:38,152.04,CARD,PENDING
89611e92-225c-445b-b484-af943a0ce651,AP-000093,2026-06-16 23:59:02,39.81,DIRECT_DEBIT,FAILED
9dcfc12d-7706-4b1f-9a8a-b2ba91551184,AP-000093,2026-08-16 09:41:52,39.81,DIRECT_DEBIT,PENDING
592ee672-d003-4449-b1fb-21f620f9cc9f,AP-000093,2026-06-11 14:51:24,39.81,DIRECT_DEBIT,PENDING
9ec28984-1648-4892-92f6-764cfec23780,AP-000093,2026-06-06 05:02:57,39.81,BANK_TRANSFER,PENDING
b2b8050f-9a67-4049-9e43-689bbb70d266,AP-000093,2026-05-22 12:36:11,39.81,CARD,FAILED
99bcb737-488f-4771-8575-76d4ae827133,AP-000094,2025-05-26 20:36:44,206.14,DIRECT_DEBIT,PENDING
7dd69169-de02-4afe-a2f0-79779c600832,AP-000095,2026-01-08 04:45:04,124.78,DIRECT_DEBIT,PENDING
ba217d28-56f1-4dbf-b3b1-0721a826703f,AP-000095,2026-07-03 10:47:46,124.78,BANK_TRANSFER,PENDING
019e6869-fef2-4274-a8fd-244e4e7c63b2,AP-000095,2026-06-12 01:07:31,124.78,BANK_TRANSFER,SUCCESS
576dc941-5882-42e7-a3f2-e6696c9038dd,AP-000095,2026-03-01 22:17:50,124.78,CARD,PENDING
a28402e6-8d2b-44e8-b88a-fb25680083cc,AP-000095,2026-01-16 23:21:32,124.78,CARD,PENDING
17910541-4ea1-40ff-af06-8ba4304fb812,AP-000095,2026-02-23 17:27:36,124.78,BANK_TRANSFER,PENDING
c264df3e-5398-4112-a2a4-085b04c7da45,AP-000096,2025-12-10 00:21:48,196.63,BANK_TRANSFER,FAILED
0f48258c-de40-4b28-8ded-541d54e88699,AP-000097,2025-02-11 22:43:20,155.82,DIRECT_DEBIT,FAILED
b1e38bc9-58c9-4c64-bd13-2773b685a3ae,AP-000097,2024-04-30 20:39:41,155.82,BANK_TRANSFER,PENDING
9ca0e9e7-f74c-475f-a1bb-e5c43509cee5,AP-000098,2023-07-31 01:50:35,201.09,DIRECT_DEBIT,FAILED
b9d42664-b2d5-4c9a-9249-81468f6c211a,AP-000099,2025-12-04 13:45:53,212.45,DIRECT_DEBIT,SUCCESS
fa2cc495-d553-465f-ae58-c408f6be8adb,AP-000099,2025-05-28 16:49:00,212.45,BANK_TRANSFER,SUCCESS
65923eb9-2181-4a6c-8b81-12cd1f130c43,AP-000099,2025-01-17 15:14:22,212.45,BANK_TRANSFER,PENDING
95edd56d-331d-4131-b9fc-d4c8a48d0a4f,AP-000100,2026-04-16 07:55:45,133.69,DIRECT_DEBIT,PENDING
62f8d1f6-02db-473f-8c61-a2b953e9a352,AP-000100,2025-07-18 22:16:59,133.69,BANK_TRANSFER,FAILED
57027c74-d20c-412b-b93f-cf403d379e61,AP-000100,2025-05-09 06:00:10,133.69,DIRECT_DEBIT,PENDING
19c7dd2c-7dc6-4bcf-b2dc-8d7d790ad23c,AP-000100,2026-01-07 14:32:24,133.69,CARD,SUCCESS
fea528a7-e354-456a-b22a-2f0e157f800b,AP-000101,2026-06-21 04:22:17,221.81,BANK_TRANSFER,PENDING
82f44a29-99c9-42cb-891d-ed5257e7e921,AP-000101,2025-03-05 09:42:08,221.81,DIRECT_DEBIT,PENDING
dfe64966-776c-4283-8ef1-703a326777c1,AP-000101,2026-01-30 05:46:26,221.81,CARD,FAILED
5565032e-2bb4-42bc-927b-f31432409c19,AP-000101,2026-05-21 23:54:59,221.81,CARD,FAILED
9bc265f0-b96b-40ab-8fdc-0b427d071ab6,AP-000101,2025-10-16 07:13:52,221.81,DIRECT_DEBIT,PENDING
064d1358-5012-488e-8a77-1829014aa875,AP-000101,2024-11-20 22:13:00,221.81,CARD,PENDING
90f85799-92cb-47dc-9233-13453ea1bb51,AP-000102,2026-08-21 17:27:14,104.92,CARD,PENDING
b1b79a36-38d8-475c-a6d1-1deacceaff24,AP-000102,2026-04-05 21:52:05,104.92,CARD,SUCCESS
d1f27bfc-ac39-407a-8656-f91e694446f3,AP-000102,2026-05-17 12:23:05,104.92,BANK_TRANSFER,FAILED
eca0f5b7-d2a0-49c3-bd73-2fc19cb99a51,AP-000103,2024-12-15 06:46:26,93.17,CARD,FAILED
78d26c96-a955-4dda-a1f6-68d5316b4141,AP-000103,2023-07-20 16:48:44,93.17,CARD,PENDING
568784cf-5118-4b5f-a928-c455074feb2f,AP-000103,2025-02-09 00:32:46,93.17,CARD,SUCCESS
2d32f520-5db9-4934-8008-582347191941,AP-000103,2025-11-16 09:05:18,93.17,DIRECT_DEBIT,PENDING
36de1f6f-9622-4114-a692-7c46e8ec3f05,AP-000103,2025-05-10 21:33:38,93.17,BANK_TRANSFER,PENDING
9ffad069-3abd-4979-b2ec-0a46ea2fdfe2,AP-000104,2026-07-02 12:49:20,86.35,CARD,SUCCESS
f49da0f6-da94-45ae-ba94-509c71280542,AP-000104,2026-05-27 05:16:12,86.35,DIRECT_DEBIT,PENDING
495e116b-59f9-4dcc-9f03-3d0ff7fdfa10,AP-000105,2024-09-08 22:00:14,225.52,BANK_TRANSFER,FAILED
6bddc6d2-0005-408b-af66-f9b40b8f519d,AP-000105,2025-05-25 04:49:54,225.52,CARD,FAILED
d29c5020-114a-4f1a-8445-cfef6012525c,AP-000106,2025-10-14 02:32:38,183.79,BANK_TRANSFER,SUCCESS
76194323-4655-44af-abf0-127cb74a9092,AP-000106,2026-04-01 22:55:07,183.79,CARD,FAILED
617a4360-6843-4eec-9bc8-5a46937f4c28,AP-000106,2025-07-01 14:42:54,183.79,BANK_TRANSFER,FAILED
1e3d5182-1656-4a0a-8df5-b07334e95f34,AP-000106,2025-07-11 10:40:59,183.79,BANK_TRANSFER,SUCCESS
3e53837e-3616-4a70-9004-e8a8895973b2,AP-000106,2026-05-17 04:36:33,183.79,DIRECT_DEBIT,PENDING
b52a216f-8c3a-4c93-9f5f-69a91bf49b7f,AP-000107,2026-05-26 12:18:07,38.41,DIRECT_DEBIT,SUCCESS
185a22b5-4633-437d-9ec3-e5b08f16a16a,AP-000107,2023-08-23 16:06:01,38.41,CARD,PENDING
5b704027-5c53-4d74-8d60-41a8cbafee15,AP-000107,2025-02-20 17:47:44,38.41,DIRECT_DEBIT,FAILED
a37503e6-0123-4735-958a-a424d7ec8fde,AP-000107,2025-12-13 11:07:42,38.41,DIRECT_DEBIT,FAILED
ae09832f-cee4-4b06-a806-788cfc8ea104,AP-000107,2026-08-15 03:31:52,38.41,CARD,FAILED
faf29f25-e08d-4434-8136-cfc50cb38bae,AP-000108,2026-01-23 12:12:13,144.02,DIRECT_DEBIT,FAILED
c29baa9f-4efd-49fe-a0a7-96201f8c979c,AP-000108,2026-03-04 03:50:52,144.02,BANK_TRANSFER,PENDING
caaa887e-b74f-4c31-ac37-52f125d1e6a8,AP-000108,2026-02-21 08:09:41,144.02,BANK_TRANSFER,PENDING
ef86d87e-1d90-4367-ac50-9c500388a98a,AP-000108,2026-02-04 07:00:22,144.02,BANK_TRANSFER,SUCCESS
64886f01-a313-4724-9072-c2201c166fc9,AP-000109,2023-11-23 17:14:04,79.9,CARD,FAILED
4fd4dc56-87ea-44f2-a589-f97a56ff026d,AP-000110,2026-06-12 23:51:15,215.83,CARD,FAILED
ec653375-2cfd-4866-bc94-894a5f965e9b,AP-000110,2026-08-18 23:43:05,215.83,DIRECT_DEBIT,SUCCESS
8a1b8a9e-fcc7-48db-9930-82a333f0b235,AP-000110,2026-03-26 12:52:20,215.83,DIRECT_DEBIT,PENDING
6bceae73-e6c2-4764-a94e-08df1d8e32de,AP-000110,2026-07-12 14:10:12,215.83,BANK_TRANSFER,SUCCESS
1b1350be-2938-465b-834b-18baf827b9cb,AP-000110,2026-08-19 22:04:26,215.83,BANK_TRANSFER,FAILED
2aa4812e-7766-456e-a150-62e502c16813,AP-000111,2024-05-20 22:28:02,61.59,DIRECT_DEBIT,SUCCESS
c20b3cba-eba4-45b6-a773-c730b78afd56,AP-000111,2025-03-05 19:21:56,61.59,BANK_TRANSFER,PENDING
6c9fe166-afc7-4c0d-8cc1-eebfdaab4348,AP-000112,2025-11-21 09:42:42,171.95,CARD,FAILED
e8728204-3827-4af8-b49b-9328182e42b6,AP-000112,2025-05-12 01:37:07,171.95,BANK_TRANSFER,SUCCESS
d97ce77c-1db0-4016-98c7-065dcbfc2983,AP-000112,2026-06-26 07:30:41,171.95,CARD,SUCCESS
378c6549-ca8a-465c-8822-471c2d95afbe,AP-000113,2025-10-06 04:37:29,111.71,CARD,PENDING
03419e06-d734-40cd-ada0-19d9d57eb77c,AP-000113,2025-04-27 13:09:15,111.71,DIRECT_DEBIT,FAILED
6529367a-1ccd-44f0-8db0-5c7acd91ec1c,AP-000113,2025-07-07 01:04:30,111.71,BANK_TRANSFER,PENDING
82d3cde4-3772-49d1-9733-2bfbf450c2f9,AP-000113,2024-07-01 05:04:47,111.71,BANK_TRANSFER,SUCCESS
6dc8a4b3-166f-41a7-94e1-58d5fcfb15cc,AP-000113,2026-03-04 09:44:09,111.71,DIRECT_DEBIT,PENDING
3113bf4d-c413-49a9-b7e4-00e0ecf860a5,AP-000114,2026-07-11 08:21:47,86.42,DIRECT_DEBIT,SUCCESS
02430c63-1962-4b6e-9f18-8fc1888dde5a,AP-000114,2026-08-08 09:08:40,86.42,CARD,FAILED
bc9dd7e7-bb18-450e-a8c8-5aea2aa2afba,AP-000114,2026-07-01 21:24:38,86.42,DIRECT_DEBIT,PENDING
efeaaff8-66fa-4e3e-9259-523fc29191b9,AP-000114,2026-08-22 06:18:48,86.42,BANK_TRANSFER,FAILED
b9f4133b-8c58-4c76-b028-b878daddb499,AP-000114,2026-08-14 17:16:56,86.42,DIRECT_DEBIT,PENDING
7891c4cb-f55e-41c7-9922-16808081bda6,AP-000115,2025-07-07 00:40:14,81.43,BANK_TRANSFER,FAILED
193bd750-b57f-4a2f-97b3-2341b43f62d4,AP-000115,2026-02-10 05:33:22,81.43,DIRECT_DEBIT,SUCCESS
b2570a39-cb5c-451c-9494-f813cf103841,AP-000115,2026-06-30 03:45:47,81.43,DIRECT_DEBIT,FAILED
d61f3da1-966b-4e4d-884d-b635fcc4a2c3,AP-000115,2026-01-07 00:26:22,81.43,DIRECT_DEBIT,SUCCESS
d8ffee76-5e17-42ac-bc78-c12a5056b9bf,AP-000116,2024-04-08 14:27:13,97.6,CARD,SUCCESS
a39c0da3-5221-4d8a-b6ec-c860b7d128a4,AP-000116,2026-06-24 14:04:19,97.6,CARD,PENDING
c3f1182c-6b51-4419-a3f7-1c81c95c8aa6,AP-000116,2026-08-22 00:30:08,97.6,CARD,FAILED
aebf9ed2-5c3c-4af9-86be-73a33c079bc8,AP-000116,2023-10-18 08:25:55,97.6,CARD,FAILED
97a7afc3-eca4-407c-bd1f-dcf707d1d976,AP-000116,2026-03-13 07:52:34,97.6,BANK_TRANSFER,PENDING
4c14a1cc-04d3-4d0f-b9c7-f747c5f8180c,AP-000116,2025-01-04 07:39:37,97.6,CARD,FAILED
7ce954c6-6f97-4d8b-8c17-36bdacac0562,AP-000117,2025-08-11 13:02:01,64.41,CARD,SUCCESS
1a938437-a1c7-4ba0-9136-9d42016a4f34,AP-000117,2026-03-16 11:56:40,64.41,DIRECT_DEBIT,SUCCESS
2e17ff85-2769-4e6c-b0ec-9f860d4e03dd,AP-000117,2025-10-09 09:51:45,64.41,BANK_TRANSFER,FAILED
922bd635-8fb4-4dd6-846f-156e073bc8ac,AP-000117,2025-12-14 14:21:28,64.41,DIRECT_DEBIT,FAILED
c506c8dc-a585-4693-8b41-0fa54e396c2e,AP-000117,2025-04-11 16:20:45,64.41,CARD,SUCCESS
3e33ecc9-dd63-43e9-97ef-8efc3671cb02,AP-000117,2025-11-10 18:15:52,64.41,DIRECT_DEBIT,SUCCESS
f4487654-37b3-404d-81a2-30d9f910ba52,AP-000118,2026-08-20 00:32:25,87.75,BANK_TRANSFER,FAILED
9fe56f6a-efa2-48a4-9e96-a84c12f8dbf5,AP-000118,2025-04-03 19:54:24,87.75,DIRECT_DEBIT,PENDING
f46d0ac9-de46-4400-95ac-9b17e6bdcb91,AP-000118,2025-07-11 01:10:44,87.75,BANK_TRANSFER,SUCCESS
6321934a-bcbb-4b5d-9df9-60bb8eb99bc4,AP-000119,2026-07-26 00:19:44,108.04,CARD,PENDING
4dbcd7bf-88ff-4100-b1c9-da3f6eb7e3c9,AP-000119,2026-04-19 21:53:39,108.04,CARD,PENDING
ac242fd5-5ba3-41dc-9605-430934a291ab,AP-000119,2026-03-24 04:30:14,108.04,CARD,FAILED
e81495cf-1812-4bf1-b5a7-dfd366f2e90f,AP-000120,2026-01-09 11:53:20,61.04,BANK_TRANSFER,SUCCESS
8974bd33-f674-4bc5-8a67-c6c19f91163a,AP-000120,2024-08-31 13:45:49,61.04,CARD,SUCCESS
ddb16f75-ae1c-4ab0-89c9-7860bf601553,AP-000120,2026-08-09 23:28:00,61.04,CARD,FAILED
800fcca7-9776-49c7-a2a2-7b1c14effb5a,AP-000120,2025-07-25 16:29:28,61.04,DIRECT_DEBIT,PENDING
ed151c92-9777-4e45-8157-bb9de53bcdd0,AP-000120,2025-07-24 15:17:45,61.04,BANK_TRANSFER,SUCCESS
249bb682-d700-4619-969d-b98e72a8ea7e,AP-000120,2025-03-11 01:33:48,61.04,BANK_TRANSFER,SUCCESS
488142da-b6cd-4482-a688-cd18a422b844,AP-000121,2025-05-07 16:09:56,54.87,DIRECT_DEBIT,PENDING
a1a56e21-adc0-4556-a806-15bd0cbc2c54,AP-000121,2025-10-04 04:57:33,54.87,BANK_TRANSFER,PENDING
6c9e6f36-6118-4c0e-9f82-9ac3a4d4495d,AP-000121,2026-04-21 19:08:09,54.87,BANK_TRANSFER,FAILED
73907375-d5bf-4a42-9421-23b4312f3d35,AP-000121,2025-03-09 00:55:53,54.87,CARD,FAILED
b4d6044a-e74c-4b84-a287-8a1066f8b0c3,AP-000121,2026-07-31 03:40:13,54.87,CARD,SUCCESS
5393c0e7-ade2-4b32-a242-30d3bce816c2,AP-000122,2024-12-28 16:38:39,239.46,BANK_TRANSFER,FAILED
8cfdb669-c3f1-4118-96d1-b2345aab1358,AP-000122,2026-04-15 10:37:11,239.46,BANK_TRANSFER,PENDING
418e1a8b-c01a-45d8-9e93-7972ca2d8a18,AP-000122,2026-06-17 10:43:51,239.46,CARD,FAILED
b775b22b-7790-4e55-9732-504110f992f8,AP-000123,2023-11-11 20:43:01,40.85,DIRECT_DEBIT,SUCCESS
c2fc4e83-18a2-426f-901b-7460392cf11c,AP-000123,2026-05-10 12:39:22,40.85,CARD,FAILED
f2145843-1724-4929-9e96-0047738bf191,AP-000123,2026-02-12 13:43:21,40.85,CARD,PENDING
366a4ae2-bcc8-4589-8118-c4af9daa1759,AP-000124,2026-06-06 20:49:43,180.05,CARD,FAILED
d9691b35-b94a-40d0-b299-c264fd4ae4d6,AP-000124,2026-02-10 03:29:31,180.05,BANK_TRANSFER,FAILED
0e238554-563a-4cc6-9cd5-0a4868710298,AP-000124,2025-02-07 04:26:43,180.05,CARD,SUCCESS
96402b1d-8e10-4df4-9bbc-f9aa309102d7,AP-000124,2026-04-30 20:45:37,180.05,CARD,SUCCESS
20f0cf59-d67d-4973-9542-521300dcb7f7,AP-000125,2024-07-15 07:48:17,109.42,CARD,SUCCESS
836ce4f1-78f4-4f80-a6dc-75fec5c4d4c7,AP-000125,2024-01-23 12:11:27,109.42,BANK_TRANSFER,SUCCESS
a9f5676e-6fe4-49a2-81c7-b45c8389833c,AP-000125,2024-03-25 04:55:08,109.42,BANK_TRANSFER,FAILED
8ef2e5ee-cc0b-4d79-8ea1-fa4ac57377db,AP-000125,2025-05-02 09:07:36,109.42,CARD,PENDING
0e30a27a-ea2e-4a4a-8f8e-b1a70adcaba6,AP-000126,2023-05-25 07:00:26,173.48,CARD,FAILED
e8f39f5f-717c-4813-b5e5-175f6c9974ea,AP-000126,2025-02-01 16:48:58,173.48,DIRECT_DEBIT,SUCCESS
52da5062-89ad-4abf-a6e6-8c55e77c6236,AP-000126,2025-08-29 21:24:10,173.48,CARD,SUCCESS
e5e0f920-649b-46c9-8a6f-9c89963ec63f,AP-000126,2024-05-02 19:39:57,173.48,DIRECT_DEBIT,SUCCESS
bc914c6a-fd19-40d8-9bc3-51da94f3b0e2,AP-000126,2025-06-02 19:16:18,173.48,BANK_TRANSFER,FAILED
bff75b99-0341-4ef3-8df1-e255294d928a,AP-000127,2024-10-13 03:59:23,30.53,DIRECT_DEBIT,SUCCESS
b1412b04-0ad9-43fa-9619-40bf5fc38223,AP-000127,2025-03-05 01:17:37,30.53,CARD,SUCCESS
b7e50efc-daab-4af6-a8bd-375d32215b23,AP-000128,2026-07-21 02:02:05,156.84,BANK_TRANSFER,FAILED
6d883263-684c-4229-b64f-0915a064275e,AP-000128,2025-05-16 02:52:08,156.84,DIRECT_DEBIT,PENDING
81d33227-ebed-438b-8371-656225cb9850,AP-000128,2026-08-17 22:50:47,156.84,BANK_TRANSFER,SUCCESS
7ced35f0-eccd-4a5d-ab9c-73f1dc971fe9,AP-000128,2026-07-29 23:21:44,156.84,DIRECT_DEBIT,FAILED
8ead5721-7e7d-47e1-ab08-5d001fb56537,AP-000129,2024-09-03 12:47:51,51.59,CARD,SUCCESS
68b62f92-5a4b-4087-8555-8b94bd2de7e8,AP-000129,2026-03-12 07:06:07,51.59,BANK_TRANSFER,SUCCESS
d199071e-93e1-4903-ba5d-3b9fe60be9e2,AP-000129,2026-04-13 16:53:32,51.59,BANK_TRANSFER,SUCCESS
fabb00f9-d1aa-4feb-950f-d088a2b6abdc,AP-000130,2026-03-10 09:28:22,57.95,CARD,SUCCESS
74b93265-ddab-4ea4-bf04-f7f7974dc3b5,AP-000130,2026-04-21 22:22:50,57.95,CARD,SUCCESS
d8e1a953-f3d7-42c0-b5f7-efbb9e570ae4,AP-000130,2025-08-17 20:48:05,57.95,CARD,FAILED
a9554b3c-74a0-49fb-978b-c10d83a91719,AP-000130,2024-06-01 10:11:10,57.95,DIRECT_DEBIT,FAILED
57aca09a-f785-46e1-bc1d-8350a6a80379,AP-000131,2025-12-28 10:29:50,115.73,DIRECT_DEBIT,FAILED
ee01452f-77a6-4982-b8f8-e72fcc009295,AP-000131,2025-07-21 14:36:00,115.73,CARD,FAILED
2bdfc941-a96f-40ae-8f49-56bc1c355a6b,AP-000132,2025-05-24 11:03:42,160.77,BANK_TRANSFER,PENDING
0c3c5452-79ad-46a7-8211-93d864210941,AP-000132,2025-10-27 03:57:59,160.77,CARD,FAILED
3f894ec3-b98f-409e-9fd2-ae58f3990f3a,AP-000132,2026-07-03 08:18:17,160.77,CARD,SUCCESS
931b3198-35b3-4ba5-b26d-73cb7ee340d4,AP-000133,2024-01-26 13:09:10,136.73,CARD,SUCCESS
b3da1e00-30bd-414d-a933-330b00a0cfb8,AP-000133,2023-12-17 11:26:19,136.73,CARD,SUCCESS
87f2f604-4086-488a-80b5-230fb9e96245,AP-000133,2024-12-02 05:24:54,136.73,DIRECT_DEBIT,PENDING
9c4355b5-08fb-44ac-b68b-c9de80a1e47a,AP-000134,2025-07-01 15:49:00,60.55,CARD,PENDING
8ac1a379-4516-4310-b011-4ce7f30042bc,AP-000134,2023-11-10 16:11:55,60.55,BANK_TRANSFER,PENDING
1ca1f969-5675-4761-b93a-3d4679328401,AP-000134,2025-06-13 17:47:57,60.55,DIRECT_DEBIT,PENDING
bc5a4fe0-6da9-43b5-beda-12a7cb0ec318,AP-000135,2025-09-29 19:53:10,200.66,DIRECT_DEBIT,PENDING
87a5c51d-e361-4b1e-9af6-99a9f84a1fb4,AP-000135,2026-03-25 12:30:32,200.66,CARD,SUCCESS
7cda9632-6ef4-4679-99ce-c302f4d6c88b,AP-000135,2026-07-27 02:44:49,200.66,BANK_TRANSFER,SUCCESS
177801e8-9be6-4585-b356-e3c2aa62b275,AP-000135,2026-04-20 01:59:59,200.66,CARD,SUCCESS
ee79cdf5-5cf6-4407-b277-068b9765c77b,AP-000135,2026-04-02 07:40:27,200.66,DIRECT_DEBIT,PENDING
c1666035-da8c-4b03-b233-571bd17178d3,AP-000135,2026-06-09 04:37:26,200.66,CARD,PENDING
8a7aa992-3eb3-4ccb-a59c-56a807d240c8,AP-000136,2026-04-01 01:57:21,128.33,CARD,FAILED
ce53386d-1ffc-4c46-9c72-6758390569fe,AP-000136,2026-08-11 09:13:37,128.33,BANK_TRANSFER,SUCCESS
ef8357b7-c925-4120-9c46-c6925d24de4f,AP-000137,2026-05-16 18:03:00,51.37,CARD,PENDING
10b57f25-5c8d-401e-81bd-fe353a02f67e,AP-000137,2025-10-22 05:48:26,51.37,CARD,SUCCESS
c637006b-05a3-4276-90b0-95470cf37df3,AP-000137,2024-12-29 03:27:41,51.37,DIRECT_DEBIT,FAILED
52d30d13-3f12-4b0a-ad9d-afa7a4615ead,AP-000138,2026-05-04 01:06:03,84.54,BANK_TRANSFER,SUCCESS
222790a6-47f4-4df2-aa85-c9005ce7c904,AP-000138,2026-07-29 17:31:30,84.54,BANK_TRANSFER,FAILED
7ef7aac1-ee8b-45ec-9e1a-67a9696bf7ec,AP-000139,2025-12-15 17:10:52,201.6,CARD,PENDING
5a2117d2-a4ca-4a22-909b-e3e39964c70b,AP-000139,2026-08-03 16:05:24,201.6,DIRECT_DEBIT,PENDING
9a0615af-1016-430e-b0fb-0347b185937b,AP-000140,2024-07-07 19:47:30,128.9,CARD,FAILED
6d91d5e5-1ff0-4e2a-8075-e875db494f58,AP-000140,2024-10-16 18:29:08,128.9,CARD,FAILED
87714ee9-92f4-4736-904a-9813b03516e4,AP-000140,2025-07-24 17:42:55,128.9,CARD,PENDING
8ebc5fc0-e536-47ab-b227-34c27e9d360f,AP-000140,2023-12-23 13:49:51,128.9,CARD,SUCCESS
13b7ff46-b6d5-4508-9e55-e7517dff76a5,AP-000140,2025-01-17 04:29:47,128.9,BANK_TRANSFER,FAILED
cd6c209b-45fc-4428-a825-965e7dc773ed,AP-000141,2023-10-13 17:12:10,110.69,DIRECT_DEBIT,SUCCESS
29e062cb-5a1a-4df8-a189-53cefaa3f34c,AP-000142,2024-07-27 03:49:50,188.31,DIRECT_DEBIT,SUCCESS
358630d4-f9bf-4286-b338-6b5199cbaab6,AP-000142,2023-04-10 06:10:26,188.31,CARD,PENDING
e2497e3f-964d-47ab-915c-d4fc787c2953,AP-000143,2025-01-12 22:24:37,90.11,BANK_TRANSFER,PENDING
3044dcba-979c-4bdb-acba-f7943a4f2898,AP-000144,2026-06-18 04:11:16,62.54,CARD,FAILED
0328e200-e076-4e23-b754-824a8648fc06,AP-000144,2025-03-07 23:23:01,62.54,CARD,PENDING
b35f5d93-35bd-4a37-a536-c450ab878830,AP-000144,2024-09-16 19:19:40,62.54,DIRECT_DEBIT,PENDING
2dd1df55-4ad1-407e-9089-c0a3c4f47195,AP-000144,2024-06-24 11:51:44,62.54,DIRECT_DEBIT,SUCCESS
cc2ba3f0-fe95-4f3b-a777-4594d7a4fd7c,AP-000144,2025-04-19 07:44:31,62.54,BANK_TRANSFER,PENDING
087ee8af-dbf7-46ae-a744-e16248a13559,AP-000144,2024-06-12 01:32:27,62.54,BANK_TRANSFER,FAILED
ca48e62e-acfe-4552-9eb1-d51cc96e5e1b,AP-000145,2026-05-13 21:10:06,38.62,DIRECT_DEBIT,PENDING
4253ba4a-b3ee-44c5-93ca-43c9b082f732,AP-000145,2026-04-07 10:36:52,38.62,CARD,SUCCESS
aca7fb90-9cc8-4d62-b501-6e61fd9db297,AP-000145,2023-08-22 07:43:11,38.62,BANK_TRANSFER,PENDING
48cf5f4b-64a4-4e7f-94ea-ae777c622b96,AP-000145,2023-04-18 11:38:13,38.62,BANK_TRANSFER,FAILED
6df9d91d-038f-4074-8138-5ccf5c3c3617,AP-000145,2025-04-14 09:34:11,38.62,CARD,PENDING
5440be1e-5551-4628-9187-efab8f71b742,AP-000146,2026-05-06 21:27:35,169.08,CARD,PENDING
4b667c45-ef84-40c9-8503-6fa0530e03cd,AP-000146,2026-03-04 11:01:51,169.08,CARD,FAILED
33c22635-56b8-4d39-ab5e-cdd5db4d5012,AP-000147,2026-01-02 21:04:56,169.28,BANK_TRANSFER,PENDING
527451aa-03a3-46ad-9655-383d4c4dfeab,AP-000147,2026-07-06 12:57:37,169.28,DIRECT_DEBIT,FAILED
44957d7a-76eb-4643-b804-466d7bb01e52,AP-000147,2026-03-14 00:28:05,169.28,BANK_TRANSFER,PENDING
